{
  "best_parameters": {
    "colsample_bytree": 0.5778677484569327,
    "learning_rate": 0.22498782522548938,
    "max_depth": 7,
    "reg_alpha": 0.007587167053627508,
    "reg_lambda": 53.54198707604438,
    "subsample": 0.9825006364101447
  },
  "best_score": -0.7643242644227979,
  "best_score_std": 0.004739486003319029,
  "time_cost": 330.42573070526123
}